{
  "index_name": "{{index}}",
  "start_urls": [
    {
      "url": "{{url}}/index.html",
      "selectors_key": "homepage",
      "tags": [
        "homepage"
      ]
    },
    {
      "url": "{{url}}/reference",
      "selectors_key": "reference",
      "tags": [
        "reference"
      ]
    },
    {
      "url": "{{url}}/articles",
      "selectors_key": "articles",
      "tags": [
        "articles"
      ]
    }
  ],
  "stop_urls": [
    "/reference/$",
    "/reference/index.html",
    "/articles/$",
    "/articles/index.html"
  ],
  "sitemap_urls": [
    "{{url}}/sitemap.xml"
  ],
  "selectors": {
    "homepage": {
      "lvl0": {
        "selector": ".contents h1",
        "default_value": "{{package}} Home page"
      },
      "lvl1": {
        "selector": ".contents h2"
      },
      "lvl2": {
        "selector": ".contents h3",
        "default_value": "Context"
      },
      "lvl3": ".ref-arguments td, .ref-description",
      "text": ".contents p, .contents li, .contents .pre"
    },
    "reference": {
      "lvl0": {
        "selector": ".contents h1"
      },
      "lvl1": {
        "selector": ".contents .name",
        "default_value": "Argument"
      },
      "lvl2": {
        "selector": ".ref-arguments th",
        "default_value": "Description"
      },
      "lvl3": ".ref-arguments td, .ref-description",
      "text": ".contents p, .contents li"
    },
    "articles": {
      "lvl0": {
        "selector": ".contents h1"
      },
      "lvl1": {
        "selector": ".contents .name"
      },
      "lvl2": {
        "selector": ".contents h2, .contents h3",
        "default_value": "Context"
      },
      "text": ".contents p, .contents li, .tempate-article .contents .pre"
    }
  },
  "selectors_exclude": [
    ".dont-index"
    ],
  "min_indexed_level": 2,
  "custom_settings": {
    "separatorsToIndex": "_",
    "attributesToRetrieve": [
      "hierarchy",
      "content",
      "anchor",
      "url",
      "url_without_anchor"
    ]
  }
}
